{"action_min": [-0.31700071692466736, 0.19561000168323517, -1.2195080518722534, -2.6179938316345215, -1.5636600255966187, 1.7759932279586792, 0.35372623801231384, 0.0, -0.9052000045776367, 0.19561000168323517, 0.0, -2.6179938316345215, -0.5011619329452515, 1.8670188188552856, -0.07685193419456482, 0.0], "action_max": [0.889710009098053, 1.571574330329895, 0.0, -0.9129942059516907, 0.48067718744277954, 3.2659120559692383, 1.7345173358917236, 1.0, 0.0589447058737278, 1.5054422616958618, 1.2255666255950928, -0.6306414604187012, 1.2469500303268433, 3.15769100189209, 1.2521188259124756, 1.0]}